{
  "8_3_View Notifications" : {
    "transaction" : "8_3_View Notifications",
    "sampleCount" : 197,
    "errorCount" : 0,
    "errorPct" : 0.0,
    "meanResTime" : 2685.670050761422,
    "medianResTime" : 2430.0,
    "minResTime" : 57.0,
    "maxResTime" : 23258.0,
    "pct1ResTime" : 3679.6000000000004,
    "pct2ResTime" : 6582.2999999999965,
    "pct3ResTime" : 21627.280000000017,
    "throughput" : 0.15192001449795065,
    "receivedKBytesPerSec" : 0.542646682099658,
    "sentKBytesPerSec" : 0.04925531720050743
  },
  "5_6_Enter OTP -> Continue" : {
    "transaction" : "5_6_Enter OTP -> Continue",
    "sampleCount" : 70,
    "errorCount" : 3,
    "errorPct" : 4.285714,
    "meanResTime" : 12194.657142857146,
    "medianResTime" : 10304.0,
    "minResTime" : 918.0,
    "maxResTime" : 71012.0,
    "pct1ResTime" : 13807.3,
    "pct2ResTime" : 52006.15,
    "pct3ResTime" : 71012.0,
    "throughput" : 0.06183062824334768,
    "receivedKBytesPerSec" : 0.4233646971955394,
    "sentKBytesPerSec" : 0.1199633225681793
  },
  "5_4_Click Add Beneficiary" : {
    "transaction" : "5_4_Click Add Beneficiary",
    "sampleCount" : 72,
    "errorCount" : 0,
    "errorPct" : 0.0,
    "meanResTime" : 12541.430555555555,
    "medianResTime" : 11948.5,
    "minResTime" : 526.0,
    "maxResTime" : 52806.0,
    "pct1ResTime" : 17780.9,
    "pct2ResTime" : 37733.89999999993,
    "pct3ResTime" : 52806.0,
    "throughput" : 0.06237887019736847,
    "receivedKBytesPerSec" : 0.9796345713661925,
    "sentKBytesPerSec" : 0.09259363544921882
  },
  "2_3_Open My Transactions" : {
    "transaction" : "2_3_Open My Transactions",
    "sampleCount" : 328,
    "errorCount" : 2,
    "errorPct" : 0.6097561,
    "meanResTime" : 9166.317073170732,
    "medianResTime" : 7119.5,
    "minResTime" : 351.0,
    "maxResTime" : 69356.0,
    "pct1ResTime" : 12027.200000000003,
    "pct2ResTime" : 34021.70000000006,
    "pct3ResTime" : 67684.23999999995,
    "throughput" : 0.25155747052827837,
    "receivedKBytesPerSec" : 2.970441859402766,
    "sentKBytesPerSec" : 0.1815439167191384
  },
  "7_5_Enter Purpose and Source -> Next -> Account Transfer -> Upload Bill -> Pay Now" : {
    "transaction" : "7_5_Enter Purpose and Source -> Next -> Account Transfer -> Upload Bill -> Pay Now",
    "sampleCount" : 340,
    "errorCount" : 0,
    "errorPct" : 0.0,
    "meanResTime" : 3617.0882352941176,
    "medianResTime" : 3174.0,
    "minResTime" : 84.0,
    "maxResTime" : 24969.0,
    "pct1ResTime" : 4745.200000000001,
    "pct2ResTime" : 12480.949999999997,
    "pct3ResTime" : 20436.769999999957,
    "throughput" : 0.26869951017659877,
    "receivedKBytesPerSec" : 0.1177497500205476,
    "sentKBytesPerSec" : 0.1125704002595321
  },
  "0_3_Enter Username and Password > Sign In" : {
    "transaction" : "0_3_Enter Username and Password > Sign In",
    "sampleCount" : 1003,
    "errorCount" : 0,
    "errorPct" : 0.0,
    "meanResTime" : 24274.533399800584,
    "medianResTime" : 24615.0,
    "minResTime" : 773.0,
    "maxResTime" : 74478.0,
    "pct1ResTime" : 47631.00000000003,
    "pct2ResTime" : 64164.79999999999,
    "pct3ResTime" : 71536.8,
    "throughput" : 0.7468076393283943,
    "receivedKBytesPerSec" : 13.44296941895313,
    "sentKBytesPerSec" : 1.8436813595919737
  },
  "5_5_Enter Bank Transfer Details -> Submit" : {
    "transaction" : "5_5_Enter Bank Transfer Details -> Submit",
    "sampleCount" : 72,
    "errorCount" : 0,
    "errorPct" : 0.0,
    "meanResTime" : 20116.68055555555,
    "medianResTime" : 16516.5,
    "minResTime" : 1280.0,
    "maxResTime" : 75848.0,
    "pct1ResTime" : 40002.100000000006,
    "pct2ResTime" : 67432.6,
    "pct3ResTime" : 75848.0,
    "throughput" : 0.06104498846080148,
    "receivedKBytesPerSec" : 0.39803687239181046,
    "sentKBytesPerSec" : 0.13514549691468453
  },
  "4_6_Enter OTP -> Continue" : {
    "transaction" : "4_6_Enter OTP -> Continue",
    "sampleCount" : 87,
    "errorCount" : 3,
    "errorPct" : 3.4482758,
    "meanResTime" : 12375.632183908048,
    "medianResTime" : 10099.0,
    "minResTime" : 712.0,
    "maxResTime" : 67193.0,
    "pct1ResTime" : 18390.40000000001,
    "pct2ResTime" : 47779.39999999997,
    "pct3ResTime" : 67193.0,
    "throughput" : 0.07171726580809284,
    "receivedKBytesPerSec" : 0.41822191465315633,
    "sentKBytesPerSec" : 0.13684869568344493
  },
  "0_1_Launch" : {
    "transaction" : "0_1_Launch",
    "sampleCount" : 2410,
    "errorCount" : 9,
    "errorPct" : 0.373444,
    "meanResTime" : 24850.76514522823,
    "medianResTime" : 24758.0,
    "minResTime" : 941.0,
    "maxResTime" : 93464.0,
    "pct1ResTime" : 40096.80000000001,
    "pct2ResTime" : 70794.64999999994,
    "pct3ResTime" : 83714.59999999995,
    "throughput" : 1.7772245357277439,
    "receivedKBytesPerSec" : 62.39841293411106,
    "sentKBytesPerSec" : 4.0017049556541915
  },
  "7_6_Enter OTP -> Continue" : {
    "transaction" : "7_6_Enter OTP -> Continue",
    "sampleCount" : 338,
    "errorCount" : 21,
    "errorPct" : 6.213018,
    "meanResTime" : 51687.16863905325,
    "medianResTime" : 46754.0,
    "minResTime" : 5288.0,
    "maxResTime" : 182161.0,
    "pct1ResTime" : 102856.3,
    "pct2ResTime" : 120262.25000000003,
    "pct3ResTime" : 174467.38000000003,
    "throughput" : 0.25654025860472457,
    "receivedKBytesPerSec" : 5.654153614722451,
    "sentKBytesPerSec" : 414.5960452122795
  },
  "7_3_Click Send Money" : {
    "transaction" : "7_3_Click Send Money",
    "sampleCount" : 361,
    "errorCount" : 2,
    "errorPct" : 0.55401665,
    "meanResTime" : 10137.180055401659,
    "medianResTime" : 7121.0,
    "minResTime" : 351.0,
    "maxResTime" : 68205.0,
    "pct1ResTime" : 13808.4,
    "pct2ResTime" : 52511.69999999998,
    "pct3ResTime" : 65412.97999999999,
    "throughput" : 0.28223565034990183,
    "receivedKBytesPerSec" : 3.4299025177804547,
    "sentKBytesPerSec" : 0.2036837359458764
  },
  "9_3_Enter Username and Password > Sign In - InActive" : {
    "transaction" : "9_3_Enter Username and Password > Sign In - InActive",
    "sampleCount" : 162,
    "errorCount" : 0,
    "errorPct" : 0.0,
    "meanResTime" : 21636.7037037037,
    "medianResTime" : 23894.5,
    "minResTime" : 1002.0,
    "maxResTime" : 73240.0,
    "pct1ResTime" : 33031.000000000015,
    "pct2ResTime" : 52639.6,
    "pct3ResTime" : 69800.20000000003,
    "throughput" : 0.12568827910246155,
    "receivedKBytesPerSec" : 2.2623193182497054,
    "sentKBytesPerSec" : 0.31029293903420196
  },
  "6_5_Enter Purpose and Source -> Next -> Cash Counter -> Pay Now" : {
    "transaction" : "6_5_Enter Purpose and Source -> Next -> Cash Counter -> Pay Now",
    "sampleCount" : 277,
    "errorCount" : 0,
    "errorPct" : 0.0,
    "meanResTime" : 3496.642599277978,
    "medianResTime" : 3251.0,
    "minResTime" : 89.0,
    "maxResTime" : 23879.0,
    "pct1ResTime" : 4670.6,
    "pct2ResTime" : 9778.79999999999,
    "pct3ResTime" : 22068.839999999956,
    "throughput" : 0.21991789202746037,
    "receivedKBytesPerSec" : 0.09637379362730349,
    "sentKBytesPerSec" : 0.09213356999978564
  },
  "5_3_Open My Beneficiaries" : {
    "transaction" : "5_3_Open My Beneficiaries",
    "sampleCount" : 74,
    "errorCount" : 0,
    "errorPct" : 0.0,
    "meanResTime" : 3364.7027027027025,
    "medianResTime" : 3100.5,
    "minResTime" : 144.0,
    "maxResTime" : 15588.0,
    "pct1ResTime" : 5615.5,
    "pct2ResTime" : 7634.25,
    "pct3ResTime" : 15588.0,
    "throughput" : 0.06277304152351869,
    "receivedKBytesPerSec" : 0.3227282878971031,
    "sentKBytesPerSec" : 0.020474800653178946
  },
  "1_3_Open Forex Rates" : {
    "transaction" : "1_3_Open Forex Rates",
    "sampleCount" : 446,
    "errorCount" : 4,
    "errorPct" : 0.89686096,
    "meanResTime" : 8869.325112107617,
    "medianResTime" : 7237.5,
    "minResTime" : 372.0,
    "maxResTime" : 68237.0,
    "pct1ResTime" : 11334.7,
    "pct2ResTime" : 27635.14999999998,
    "pct3ResTime" : 66045.82999999999,
    "throughput" : 0.34287647221624284,